CGPA,Attendance,Internships,Projects,Certifications,Communication_Score,Technical_Score,Aptitude_Score,Backlogs,Work_Experience,Employability
7.67,76.3,2,1,3,5,5,54,1,0,1
5.94,81.8,0,2,1,5,6,45,0,3,1
7.43,70.4,1,1,3,10,8,67,1,0,1
6.97,74.4,0,2,2,7,8,78,0,0,1
5.37,91.2,0,1,4,8,8,87,0,0,1
6.64,77.3,0,0,2,6,7,87,0,0,1
6.17,72.0,4,2,3,6,3,68,0,0,1
5.47,73.0,0,2,2,6,3,46,0,0,0
6.34,78.0,0,2,2,8,8,76,0,0,1
7.77,100.0,0,2,0,9,8,64,0,0,1
7.72,67.0,0,1,1,8,4,67,1,0,1
5.44,92.3,0,5,2,7,4,80,0,1,1
8.43,68.2,2,1,1,8,6,83,1,0,1
7.82,67.7,0,0,1,6,8,71,2,0,1
6.59,88.3,0,4,2,8,6,77,1,0,1
7.69,84.2,2,5,1,7,5,63,1,0,1
6.56,91.1,0,2,1,6,5,98,2,0,1
6.34,88.2,1,0,4,5,5,92,1,1,1
9.54,90.4,1,2,0,7,8,49,0,0,1
6.81,63.0,0,2,2,7,8,60,2,0,1
6.39,100.0,2,3,0,5,7,78,0,1,1
7.51,69.7,2,2,4,5,8,88,1,1,1
6.5,89.4,1,0,1,7,6,65,1,0,1
8.49,63.6,3,1,3,7,9,57,2,0,1
8.43,72.3,3,0,4,6,6,53,0,0,1
8.56,87.3,2,2,1,6,8,71,1,0,1
9.58,68.8,2,3,2,2,5,51,3,0,1
7.76,89.6,0,5,2,6,6,68,0,2,1
4.5,67.2,0,0,8,4,6,65,0,0,1
5.34,93.3,0,4,3,7,9,48,0,0,1
8.32,56.9,0,3,5,6,8,59,1,0,1
5.6,86.0,0,0,0,4,7,75,0,0,1
6.59,72.3,0,1,1,6,4,55,1,0,0
7.69,92.5,0,2,3,5,4,100,0,0,1
8.08,66.1,2,0,2,5,3,53,0,1,1
8.31,85.8,1,3,0,5,4,78,0,1,1
6.68,75.1,0,1,1,6,5,68,0,0,1
6.44,87.1,0,4,2,7,1,56,1,0,1
7.02,63.5,1,1,0,5,8,81,1,0,1
7.76,75.6,2,2,0,7,9,62,1,0,1
7.55,72.9,1,2,2,3,6,64,0,1,1
8.13,79.1,1,3,5,4,5,88,1,1,1
8.58,72.7,0,2,3,4,5,66,0,0,1
7.31,100.0,1,6,3,5,6,64,1,0,1
8.33,71.0,0,1,3,6,9,59,0,0,1
4.5,77.3,1,2,1,5,6,64,1,1,1
6.97,79.9,0,0,2,6,9,21,0,0,1
6.71,73.5,2,2,0,7,5,62,0,0,1
7.21,76.4,0,2,3,9,4,53,1,0,1
7.48,63.0,1,2,2,4,10,30,0,2,1
7.06,91.2,2,0,2,5,5,43,0,0,1
5.23,84.6,1,2,1,7,8,90,0,1,1
7.54,49.6,0,1,0,4,7,39,0,1,0
6.01,100.0,3,0,2,10,6,82,0,0,1
7.06,99.2,1,3,2,4,6,81,2,0,1
6.58,85.6,1,2,2,8,6,71,2,2,1
5.48,84.0,0,0,3,7,3,53,2,0,0
7.92,78.6,2,3,4,5,8,59,0,0,1
4.88,63.5,1,2,4,8,9,38,0,0,1
7.74,70.5,0,0,5,8,8,69,0,0,1
9.81,89.3,1,2,6,3,4,78,0,0,1
7.9,65.3,0,3,3,7,6,73,3,0,1
8.26,96.4,1,2,1,8,5,69,1,0,1
8.04,60.1,2,3,4,7,7,61,1,0,1
8.47,59.7,0,4,1,9,6,55,0,1,1
5.69,75.9,2,0,2,7,6,93,0,0,1
7.05,80.9,1,1,3,7,7,73,1,0,1
8.54,83.9,1,0,2,5,6,38,1,0,1
6.58,48.9,1,3,1,6,4,88,1,0,1
6.09,78.5,0,0,0,4,6,92,1,0,1
7.42,68.4,1,1,5,7,8,60,1,1,1
5.91,71.6,2,2,3,5,7,81,2,0,1
5.3,100.0,1,3,2,9,9,53,2,0,1
7.07,92.1,0,3,1,7,6,76,0,1,1
7.05,83.7,0,0,1,8,5,39,1,0,0
8.07,92.7,1,3,0,6,6,75,0,0,1
7.94,77.0,0,1,3,7,7,61,1,0,1
8.37,65.5,0,2,3,8,7,66,1,1,1
8.37,92.2,0,3,2,6,7,69,1,1,1
8.47,63.3,3,1,1,4,3,89,0,0,1
6.37,62.1,0,0,3,8,6,24,0,0,1
5.5,58.3,1,5,1,8,7,65,0,1,1
7.06,66.6,0,1,2,9,8,54,0,0,1
5.99,84.6,1,0,3,7,9,66,2,1,1
7.67,62.4,1,2,3,5,7,50,1,1,1
6.89,76.4,0,3,2,5,9,90,2,0,1
7.75,97.5,0,0,0,4,5,54,1,1,1
8.29,79.3,1,1,5,6,5,48,1,0,1
6.25,92.8,3,1,6,5,7,72,1,0,1
6.2,62.0,0,3,3,7,6,57,1,1,1
7.75,85.2,0,0,1,4,9,64,1,2,1
8.7,84.7,0,2,1,6,7,62,0,0,1
6.02,76.3,1,2,0,6,9,66,1,0,1
6.68,69.5,0,1,4,7,10,47,1,0,1
5.75,56.4,3,2,2,4,7,63,0,0,1
8.48,76.1,0,1,2,4,3,87,3,0,0
5.26,73.1,1,5,1,4,6,65,1,0,1
6.68,80.2,0,0,3,8,5,47,0,0,1
8.46,86.6,0,0,0,7,9,43,0,0,1
7.84,92.7,1,4,4,7,6,54,0,0,1
7.77,79.8,0,0,2,8,5,61,1,1,1
7.86,92.1,0,3,1,8,7,64,2,0,1
4.92,78.9,1,3,1,8,4,84,0,0,1
7.93,95.4,0,3,1,5,7,62,0,0,1
7.93,73.5,1,4,2,4,9,55,1,0,1
9.24,100.0,2,2,0,6,5,75,1,0,1
6.6,67.4,1,1,5,6,7,82,0,0,1
5.66,82.2,0,1,0,5,8,33,1,0,1
7.69,71.6,1,0,0,6,10,90,1,0,1
7.55,71.1,2,0,1,7,6,50,1,1,1
6.5,77.8,0,1,2,7,6,75,0,0,1
8.12,67.0,1,1,4,5,5,67,1,1,1
7.3,73.6,1,2,4,7,10,64,1,0,1
6.38,85.2,0,1,2,6,7,69,1,0,1
8.12,77.1,1,0,5,3,7,69,2,1,1
7.66,67.8,1,4,1,7,8,60,1,2,1
7.01,83.4,3,2,0,8,10,73,0,1,1
7.41,81.7,1,2,2,5,8,72,1,0,1
6.65,66.9,1,3,3,4,8,56,0,1,1
6.51,87.3,2,1,0,8,4,75,1,1,1
5.99,79.8,1,4,1,7,7,75,0,1,1
8.12,71.7,0,1,2,3,6,38,0,1,1
8.19,98.5,1,0,2,6,8,49,0,1,1
7.85,100.0,1,4,4,5,6,59,2,1,1
6.38,80.3,0,2,1,4,6,39,0,0,1
6.74,69.0,2,2,0,5,7,65,1,0,1
6.29,59.8,1,3,3,5,6,89,0,0,1
4.63,69.4,0,2,0,7,6,83,0,0,1
7.34,87.1,2,1,1,6,6,61,1,0,1
4.85,86.8,2,3,2,7,7,34,1,0,1
8.29,91.5,0,1,1,5,5,64,1,0,1
5.16,68.3,2,2,1,5,6,72,0,0,1
7.0,73.6,0,0,2,6,7,67,2,1,1
5.29,64.5,1,4,1,4,5,64,0,0,1
6.9,64.7,1,4,1,5,6,100,0,2,1
8.35,79.2,0,1,4,7,6,82,1,0,1
7.84,69.3,0,3,6,8,6,61,1,1,1
9.35,75.1,2,1,2,5,8,72,0,1,1
8.47,86.5,2,1,2,5,6,33,0,0,1
7.86,89.3,0,0,1,5,4,77,0,0,1
7.83,63.1,2,1,3,5,7,46,2,0,1
5.77,78.8,1,2,1,5,8,64,0,0,1
6.72,79.9,1,2,0,4,5,56,2,1,1
7.02,100.0,0,2,1,7,6,47,0,1,1
6.94,72.6,2,1,2,5,9,69,0,0,1
8.29,77.1,0,2,1,5,8,44,1,1,1
6.47,76.0,0,2,0,4,4,60,0,0,0
7.01,78.2,2,3,2,6,7,79,1,0,1
7.29,78.6,1,4,1,5,5,90,0,0,1
7.72,78.6,0,1,1,9,7,46,2,0,1
6.17,62.9,1,3,1,5,10,38,1,0,1
8.07,70.6,1,1,1,7,7,64,0,0,1
6.28,79.9,2,6,2,9,8,67,1,0,1
5.66,85.3,0,2,1,10,6,58,0,2,1
6.35,93.9,0,5,2,4,8,64,0,0,1
6.63,86.2,2,3,4,6,9,40,1,0,1
6.68,83.3,0,0,4,9,4,74,0,1,1
6.44,58.0,0,0,1,8,1,52,0,0,0
8.5,87.8,1,1,2,8,6,54,1,0,1
9.17,82.6,0,3,2,8,8,64,1,2,1
6.73,99.5,3,2,1,8,8,74,0,0,1
7.62,71.6,1,0,1,4,6,78,2,0,1
7.9,83.1,0,3,2,8,5,80,0,0,1
8.49,81.1,1,1,2,9,3,83,0,0,1
6.29,89.2,1,1,4,6,4,57,0,0,1
7.5,77.4,0,1,1,9,5,53,0,0,1
6.15,70.0,1,3,0,5,6,90,1,0,1
8.47,90.2,1,3,0,7,7,70,1,0,1
7.15,74.9,0,4,2,6,6,67,1,0,1
9.03,72.1,0,3,1,7,6,51,0,0,1
7.02,69.4,2,0,6,9,7,66,0,0,1
7.28,87.2,1,4,2,3,2,72,0,1,1
6.65,77.5,0,1,2,5,9,43,0,0,1
8.01,82.1,2,1,1,2,7,80,1,2,1
7.2,51.4,2,2,2,7,7,57,1,0,1
7.74,67.0,0,0,1,8,8,44,0,0,1
6.28,62.9,0,1,2,4,5,80,0,0,1
9.25,82.7,1,3,1,5,7,49,1,0,1
6.95,80.1,1,0,1,10,4,87,0,0,1
7.42,99.1,3,2,3,6,5,59,2,0,1
6.88,70.0,1,3,1,6,5,92,1,0,1
7.85,64.3,1,3,5,7,5,86,0,0,1
7.44,83.6,3,3,2,5,4,51,0,1,1
6.06,96.2,3,3,1,7,4,71,0,0,1
7.74,85.5,1,0,2,7,3,65,0,2,1
7.49,81.8,0,1,0,8,7,47,0,0,1
7.48,95.2,0,2,3,7,8,96,2,2,1
6.16,96.4,0,4,3,7,8,54,0,0,1
5.88,95.8,1,4,1,4,7,57,2,0,1
7.7,94.0,4,2,3,3,8,51,2,0,1
7.59,73.9,1,4,5,5,6,60,0,0,1
6.9,59.4,0,0,1,6,7,77,0,0,1
6.54,73.8,0,2,2,8,5,33,1,0,1
7.31,100.0,0,2,0,3,5,45,1,0,0
7.65,82.4,0,5,3,6,8,59,0,0,1
6.53,82.1,0,2,3,3,8,49,1,0,1
6.4,71.5,1,3,2,7,5,70,0,0,1
6.32,69.9,1,1,4,3,5,63,1,0,0
6.35,69.2,2,1,2,8,6,54,1,1,1
6.35,78.0,0,3,0,4,6,67,0,0,1
8.5,72.2,0,1,2,8,6,53,0,1,1
6.27,86.9,0,0,4,4,8,69,0,0,1
8.24,90.5,2,1,1,8,5,74,0,0,1
7.47,64.2,0,3,4,5,10,78,2,0,1
6.15,70.7,0,2,0,7,9,62,0,0,1
5.71,75.1,0,3,6,7,7,66,0,0,1
7.27,69.8,1,2,1,7,6,33,0,0,1
6.62,100.0,0,2,3,4,4,54,0,0,1
5.35,45.0,1,3,2,7,10,63,0,0,1
7.28,78.6,1,0,1,7,6,54,0,0,1
8.43,74.0,2,1,2,5,7,44,0,1,1
5.72,74.5,2,3,5,7,9,52,2,1,1
6.83,92.0,0,3,2,6,6,88,0,0,1
8.65,72.3,0,1,3,4,7,71,0,0,1
6.75,63.5,2,1,0,8,9,56,0,2,1
7.66,73.7,1,0,0,3,9,65,0,1,1
7.21,72.0,0,3,2,5,6,83,1,0,1
6.97,67.2,0,1,2,1,5,47,1,0,0
7.8,86.6,0,1,2,9,5,72,0,2,1
6.56,60.9,0,4,1,9,4,57,1,3,1
8.31,80.7,0,2,2,6,7,66,1,1,1
6.0,69.9,1,1,0,5,8,78,1,0,1
5.19,71.7,1,2,2,7,4,50,0,1,1
6.74,77.7,0,1,3,8,4,66,1,0,1
7.33,68.4,0,2,2,7,7,74,2,0,1
6.09,69.5,2,0,3,5,5,67,0,0,1
8.11,86.7,0,0,2,6,6,73,0,0,1
8.73,58.9,0,1,1,9,1,84,0,0,1
9.03,66.7,1,0,1,9,8,80,1,1,1
6.57,57.1,2,0,1,10,5,50,0,0,1
8.46,100.0,0,2,2,8,3,89,0,0,1
5.53,76.2,1,2,1,8,8,83,0,1,1
7.88,76.4,0,0,3,6,2,71,1,0,0
6.03,75.1,1,2,1,7,6,62,1,0,1
6.14,73.7,0,1,1,10,8,67,0,1,1
7.24,68.5,1,1,1,5,7,83,0,0,1
8.36,83.2,1,1,3,6,5,100,2,2,1
6.42,88.1,0,2,0,8,7,43,0,0,1
7.59,83.0,1,5,3,7,4,43,0,0,1
7.26,97.1,0,1,1,5,5,55,0,0,1
4.5,73.9,1,1,0,9,10,66,1,0,1
9.52,85.2,0,3,1,6,4,52,3,0,0
6.19,79.2,0,3,1,4,5,88,0,0,1
6.72,75.4,0,4,0,5,4,72,1,0,1
7.47,77.3,0,3,4,5,7,84,0,0,1
5.99,97.5,0,2,3,6,10,34,1,0,1
10.0,61.7,1,1,3,7,10,74,1,0,1
6.49,59.2,1,1,2,6,6,49,1,0,1
8.2,78.6,0,0,5,7,7,43,0,0,1
6.16,65.2,1,2,0,6,4,52,0,1,1
8.64,92.2,2,2,6,7,6,50,0,1,1
5.8,87.1,2,1,5,5,6,83,1,0,1
6.31,56.6,2,1,3,7,7,58,1,0,1
7.07,69.3,0,1,5,7,5,66,0,0,1
7.28,100.0,0,3,4,6,7,80,1,1,1
7.18,76.2,1,1,2,6,10,50,2,0,1
7.64,89.2,1,2,2,6,7,41,0,1,1
6.5,94.2,0,0,3,7,2,80,1,0,1
7.35,71.3,1,2,3,8,5,31,2,1,1
5.48,73.1,0,3,0,7,6,62,0,0,1
5.68,60.1,2,0,2,9,5,52,1,2,1
6.86,96.1,3,1,2,5,9,74,0,1,1
5.88,68.5,0,0,1,5,3,78,1,0,0
6.93,74.1,0,1,1,5,7,71,1,1,1
6.87,80.6,1,6,1,4,3,44,1,0,1
8.76,78.2,2,1,2,6,7,72,0,1,1
7.05,80.2,1,1,2,7,8,44,1,0,1
8.52,82.6,0,0,1,8,4,89,0,1,1
8.72,76.3,0,0,3,4,8,66,0,0,1
6.48,74.8,1,1,2,7,9,66,1,0,1
6.82,85.1,0,4,1,6,3,75,1,0,1
7.03,84.4,1,4,2,9,8,70,0,0,1
9.02,66.7,1,2,2,8,5,40,3,0,1
7.17,89.4,1,1,1,8,4,66,0,1,1
8.12,87.1,2,1,1,8,5,37,0,1,1
7.72,83.1,0,1,3,7,3,70,0,1,1
7.16,87.2,0,0,1,7,3,96,0,0,1
7.5,79.0,3,1,3,7,2,72,0,0,1
9.31,68.7,1,4,2,3,6,90,0,0,1
7.12,83.7,1,2,0,5,7,64,1,0,1
8.45,75.4,0,1,3,5,6,51,4,0,0
8.09,61.0,1,2,1,8,6,78,0,0,1
7.32,91.7,1,0,3,7,7,47,1,0,1
7.48,88.1,2,1,4,6,9,73,0,0,1
5.75,76.7,1,0,2,6,6,63,2,0,0
6.86,87.1,1,6,4,7,8,61,0,0,1
8.49,72.1,1,2,2,4,10,50,0,0,1
5.64,76.8,0,1,2,9,8,91,0,0,1
6.78,79.2,0,4,4,7,6,55,1,0,1
4.57,93.8,1,2,3,6,8,59,0,1,1
6.41,72.1,0,4,4,7,5,50,0,0,1
6.55,82.3,1,1,1,7,7,84,0,0,1
8.36,59.2,3,2,2,6,5,71,0,0,1
6.81,71.5,2,2,2,6,6,58,3,0,0
4.5,88.1,0,4,4,9,5,57,0,0,1
7.0,96.1,2,2,1,1,7,65,1,0,1
7.37,90.4,1,0,3,5,4,33,1,0,0
6.95,71.7,0,2,1,6,7,97,1,0,1
7.97,96.4,0,1,2,6,8,56,1,0,1
8.49,59.7,1,1,1,5,8,43,3,0,0
5.79,67.3,1,4,0,3,4,80,0,1,1
9.05,73.2,2,3,2,3,6,79,1,0,1
4.84,77.0,0,2,1,5,7,74,1,0,1
7.42,92.3,1,1,1,3,5,46,2,0,0
4.5,100.0,0,4,0,6,5,73,2,0,1
6.06,89.4,1,2,1,8,8,71,1,0,1
6.48,77.1,0,3,3,7,2,58,0,0,0
8.54,89.4,0,1,1,8,7,61,0,0,1
8.25,84.4,0,3,1,7,7,33,1,1,1
6.53,72.0,0,0,2,6,5,55,0,0,1
7.96,94.8,2,1,0,7,5,45,0,1,1
8.59,84.5,2,3,2,4,7,50,0,0,1
7.58,71.1,2,2,3,2,4,48,1,1,0
7.89,81.2,0,4,1,6,4,57,0,0,1
6.54,90.9,1,3,0,8,6,83,1,0,1
7.95,70.3,0,4,2,7,6,49,0,0,1
7.37,86.6,1,1,2,5,7,46,1,0,1
6.82,83.2,2,4,1,5,5,59,1,0,1
5.75,99.8,0,3,0,7,4,63,1,1,1
6.57,65.0,1,3,5,9,9,46,0,0,1
6.7,83.9,0,2,2,6,8,54,0,0,1
5.75,100.0,1,2,3,5,5,81,0,0,1
7.54,88.1,1,1,3,8,6,60,1,0,1
6.91,61.5,0,4,1,5,6,49,1,0,1
7.93,76.1,1,1,3,7,4,77,2,1,1
5.75,68.5,1,2,1,4,5,62,0,0,1
8.19,84.3,0,1,1,4,8,84,1,1,1
6.99,96.7,2,3,4,7,4,93,0,1,1
7.93,79.3,2,2,0,6,10,62,0,0,1
7.25,76.6,1,2,2,1,6,55,1,0,1
8.37,74.9,1,0,2,5,7,40,1,0,1
8.0,66.4,1,2,1,8,8,64,2,1,1
8.34,74.1,1,4,2,6,9,52,0,1,1
6.93,62.8,0,0,2,5,2,62,0,0,0
8.92,74.9,0,1,2,4,7,58,1,1,1
7.07,62.1,0,3,3,8,4,73,1,0,1
6.14,60.6,2,0,0,8,6,82,0,0,1
6.45,83.8,1,4,0,8,8,66,0,0,1
6.31,61.8,0,3,1,5,6,64,1,0,1
6.4,65.8,1,0,1,7,7,52,0,0,1
8.49,85.3,2,2,0,5,9,67,0,1,1
5.94,57.8,0,1,2,6,7,41,0,1,0
6.53,64.2,0,1,5,6,4,70,3,0,1
9.01,81.7,2,2,1,8,2,88,1,0,1
6.89,80.3,3,0,2,10,8,43,0,1,1
7.38,93.0,2,4,1,6,7,53,1,1,1
8.86,77.0,0,2,3,4,8,68,1,0,1
7.2,74.0,1,1,2,5,6,75,0,1,1
6.9,61.7,0,2,2,9,8,64,0,0,1
4.68,100.0,2,1,2,4,5,84,1,2,1
7.37,88.8,1,1,3,5,6,88,2,0,1
6.34,55.1,3,1,2,8,6,61,1,0,1
4.91,63.0,2,2,1,5,8,89,2,1,1
5.96,79.6,0,2,1,8,10,63,0,0,1
5.01,69.5,1,2,1,7,6,76,0,0,1
7.91,92.3,3,2,1,5,10,63,1,0,1
7.96,96.6,0,1,1,6,6,75,0,0,1
6.79,77.8,0,5,4,7,8,52,1,0,1
6.61,90.7,3,0,0,8,4,62,1,2,1
6.1,77.9,1,1,2,5,9,48,1,0,1
7.73,99.6,0,2,0,7,7,51,2,1,1
6.04,98.8,1,2,1,7,7,54,0,1,1
9.84,87.9,0,2,0,8,6,76,1,0,1
7.43,71.9,0,2,0,6,1,85,0,1,1
9.18,84.1,1,3,2,9,6,63,1,0,1
8.04,83.1,0,2,1,5,4,57,1,0,0
7.63,81.5,1,1,0,8,5,42,1,0,1
7.69,73.5,0,1,1,5,6,53,2,1,1
8.39,71.7,0,3,4,8,4,68,0,0,1
5.37,73.8,0,1,3,5,6,39,1,0,0
7.85,79.1,0,2,0,8,7,67,1,1,1
7.65,57.0,0,0,0,9,6,47,0,0,1
8.15,70.0,2,2,2,3,5,58,1,0,1
7.81,45.0,0,6,1,3,6,63,0,0,1
6.88,60.0,1,2,2,4,6,70,0,0,1
7.8,71.3,0,2,1,8,6,85,0,2,1
5.57,51.9,1,4,2,7,8,33,0,0,1
7.71,79.1,1,3,1,5,8,52,0,0,1
6.44,63.9,0,4,3,5,3,53,0,0,0
7.89,70.6,2,2,1,8,6,42,1,0,1
9.4,91.7,0,3,1,4,6,63,0,1,1
8.2,71.0,2,2,2,6,9,61,1,0,1
8.46,90.4,2,3,3,7,4,61,1,1,1
7.29,61.4,3,2,0,6,6,66,2,0,1
7.68,85.5,0,2,1,8,5,50,1,0,1
6.85,70.3,2,4,2,4,8,91,0,1,1
9.05,50.2,2,1,3,6,3,65,1,0,1
7.34,74.8,0,6,1,4,6,56,0,0,1
7.11,68.4,0,4,3,4,8,67,0,0,1
8.43,81.8,0,2,2,6,6,60,2,0,1
8.13,78.5,1,3,3,6,6,70,0,0,1
6.02,83.7,1,3,1,5,8,66,1,0,1
8.63,85.0,0,4,2,5,9,87,1,1,1
6.09,68.3,2,1,3,3,6,86,1,1,1
7.14,49.3,1,2,2,6,7,64,0,1,1
6.45,60.1,0,2,2,8,10,68,2,0,1
7.82,74.2,2,2,1,3,7,100,2,2,1
5.03,81.2,0,2,5,5,6,38,0,0,1
6.73,49.1,0,3,2,7,6,84,0,0,1
5.67,84.3,1,4,0,4,6,27,1,0,1
7.76,74.0,0,4,3,6,6,74,0,0,1
9.27,76.0,0,1,2,7,6,64,0,0,1
7.63,100.0,1,3,4,6,5,43,3,1,1
9.3,51.9,2,2,3,5,7,64,0,0,1
6.94,67.9,0,3,0,10,4,35,0,0,1
7.46,86.0,0,0,3,7,4,40,0,0,1
7.03,93.7,1,1,2,4,3,28,0,0,0
8.53,92.7,0,1,1,6,7,52,0,0,1
5.54,92.7,1,2,2,8,7,41,0,0,1
7.92,75.3,0,2,2,6,8,62,1,1,1
6.07,73.3,1,2,3,3,4,81,0,0,1
6.64,83.8,1,1,0,7,6,35,2,1,1
7.39,67.2,1,2,2,5,9,85,1,0,1
7.1,59.5,3,2,0,7,6,52,3,0,1
9.64,70.9,1,4,0,6,10,62,1,1,1
7.44,63.6,3,1,0,10,7,89,1,0,1
7.67,87.0,1,2,3,8,7,82,0,0,1
5.82,70.4,0,2,1,8,5,63,1,0,1
7.26,100.0,2,4,2,8,3,32,0,0,1
7.68,67.3,1,2,1,7,8,77,1,0,1
7.23,73.0,1,1,3,7,9,65,1,2,1
9.77,85.2,1,3,1,6,7,74,1,0,1
5.63,67.3,3,0,0,9,7,83,0,0,1
6.74,59.4,0,3,3,7,7,75,1,0,1
7.37,69.4,1,1,1,5,8,100,0,1,1
6.0,83.4,1,1,4,5,7,88,1,0,1
6.15,75.0,1,2,1,8,5,64,0,0,1
7.08,86.2,0,1,2,10,5,51,0,0,1
7.93,83.4,0,0,1,6,4,65,0,2,1
5.66,59.6,1,3,1,6,4,69,0,0,1
8.93,88.5,0,3,4,8,4,53,0,0,1
5.45,72.3,0,1,1,4,8,43,0,1,0
9.74,100.0,1,1,0,10,3,55,0,0,1
5.85,74.3,1,3,1,7,8,52,1,1,1
6.58,93.4,2,1,0,8,4,92,1,0,1
6.4,84.0,2,1,0,10,7,57,0,0,1
5.95,74.0,3,1,1,6,8,79,0,0,1
6.68,86.9,0,2,1,8,6,44,3,0,1
7.87,65.7,0,3,3,5,4,58,0,0,1
8.2,91.5,0,4,1,6,9,44,2,0,1
8.2,76.7,2,1,2,9,6,85,0,0,1
6.97,79.0,0,4,0,6,10,68,0,1,1
6.93,76.0,3,1,3,3,6,98,0,0,1
8.13,91.5,1,2,2,6,6,81,2,2,1
7.51,78.8,2,1,4,7,9,63,2,0,1
5.27,70.0,1,1,2,4,8,75,2,0,0
6.92,70.3,2,0,4,7,6,45,1,0,1
7.76,67.7,0,3,2,5,6,53,0,1,1
4.92,76.5,1,2,0,5,5,27,1,0,0
6.5,63.1,0,2,0,6,4,61,1,0,1
6.92,73.8,0,1,0,3,8,100,0,0,1
7.81,82.6,0,0,3,7,4,41,0,1,1
7.22,67.1,2,1,1,3,4,46,2,2,1
5.64,99.4,1,3,2,4,9,88,0,0,1
7.27,69.6,1,2,0,6,8,81,0,0,1
7.12,68.4,2,2,2,7,7,78,0,0,1
6.49,72.1,0,2,1,4,9,75,2,0,1
5.97,85.8,1,1,5,9,6,75,0,0,1
7.77,84.2,1,4,3,7,8,54,0,0,1
6.77,80.9,0,3,2,6,4,87,1,0,1
7.56,60.6,1,1,2,5,7,51,3,0,1
8.4,76.1,3,2,0,6,3,49,1,0,1
7.53,95.5,1,2,0,6,5,51,0,0,1
6.64,77.5,1,1,2,7,10,74,0,0,1
7.85,77.0,0,3,5,8,1,52,0,0,1
7.54,86.4,0,3,4,6,4,53,1,0,1
5.66,80.5,0,1,2,8,7,50,1,0,1
5.8,68.1,2,3,2,9,6,81,1,0,1
7.34,95.5,0,1,4,4,9,86,0,0,1
7.39,69.6,1,1,3,7,8,63,2,0,1
6.28,59.9,0,1,1,5,7,55,0,1,1
6.87,59.9,2,3,4,7,2,48,2,0,1
9.03,68.1,0,5,3,8,6,64,0,1,1
8.39,92.4,0,0,1,7,7,99,2,0,1
7.4,57.5,1,0,2,4,5,34,0,0,1
6.56,73.2,1,1,3,5,5,63,0,0,1
6.11,72.9,1,1,2,8,3,54,0,0,1
9.25,67.8,0,0,4,8,6,55,0,0,1
9.05,78.4,1,3,4,6,8,81,0,0,1
7.57,86.0,0,1,1,5,8,28,1,0,1
7.31,68.2,1,1,2,7,5,54,0,2,1
5.86,70.3,1,3,2,4,6,50,1,1,1
6.31,92.0,0,3,3,8,7,56,0,0,1
5.86,78.2,1,1,5,6,6,81,0,0,1
7.88,97.8,0,2,1,8,4,47,0,0,1
8.94,70.2,2,3,2,7,6,51,0,1,1
5.87,77.4,0,0,4,5,9,95,0,1,1
6.78,69.9,0,1,1,8,5,81,1,0,1
7.98,71.7,2,1,1,6,7,64,1,0,1
8.65,95.3,2,3,3,8,10,65,1,0,1
5.77,81.9,0,2,1,9,9,38,0,0,1
7.98,73.0,2,2,0,3,8,81,2,0,1
4.5,91.2,0,4,0,7,4,57,0,0,1
8.49,66.8,1,4,4,5,5,59,0,0,1
7.16,88.4,1,2,3,5,6,43,1,0,1
4.5,82.2,1,3,3,5,8,57,1,0,1
7.0,73.4,2,2,4,5,5,55,1,0,1
6.52,78.1,0,4,4,6,2,82,0,0,1
7.41,77.3,0,2,4,8,3,53,1,0,1
7.46,73.7,0,4,2,10,5,60,1,0,1
7.26,78.8,0,2,3,10,5,43,1,1,1
5.82,57.1,1,2,1,9,8,76,1,0,1
6.8,81.3,0,1,1,6,6,54,1,0,0
4.9,60.3,0,4,3,8,10,62,1,1,1
9.38,78.1,3,0,1,7,2,77,0,2,1
6.8,88.4,1,0,3,10,6,83,1,0,1
7.07,88.4,1,1,2,5,8,53,1,0,1
9.38,78.9,2,1,1,7,3,46,1,0,1
6.61,78.4,0,3,4,6,3,92,2,1,1
7.06,57.1,2,1,1,4,5,85,0,0,1
8.77,62.8,1,3,3,7,8,58,1,0,1
7.34,78.7,0,4,0,7,8,77,0,0,1
7.71,83.5,0,4,1,10,7,73,1,0,1
6.97,75.8,1,2,2,8,6,60,0,0,1
8.0,67.1,0,0,0,5,1,72,0,0,0
5.46,72.1,1,1,2,5,6,39,1,1,1
5.05,96.0,2,4,2,8,4,50,0,0,1
6.56,50.1,0,3,2,7,6,52,2,0,0
8.67,77.3,4,3,5,6,5,83,2,0,1
6.8,68.7,1,1,3,9,6,76,0,0,1
7.34,68.7,0,1,1,8,9,61,1,0,1
8.23,59.0,2,2,2,6,7,59,0,0,1
5.66,82.5,0,2,0,7,6,76,2,0,1
7.95,98.2,1,3,4,6,5,84,1,0,1
7.52,57.3,0,0,3,8,5,46,1,0,1
7.05,49.7,0,1,0,5,7,65,2,0,0
8.12,90.7,0,1,5,5,6,87,0,0,1
8.24,81.1,0,1,1,4,8,63,0,0,1
4.76,78.1,0,3,1,5,5,51,1,1,0
8.37,83.9,1,1,2,8,4,60,1,0,1
8.75,56.1,1,2,0,8,5,34,0,0,1
8.37,73.4,2,3,4,8,7,47,0,0,1
7.96,53.8,0,2,2,5,5,79,0,1,1
6.53,84.5,0,0,1,9,6,73,1,0,1
5.8,88.6,2,0,2,9,6,52,0,1,1
7.97,79.6,0,4,3,4,5,85,0,0,1
5.32,93.9,0,4,1,6,6,65,2,0,0
6.7,74.6,1,5,4,5,10,41,1,0,1
7.07,60.9,1,3,3,8,4,69,1,1,1
8.37,74.4,0,4,3,3,8,67,1,1,1
6.47,68.0,1,1,0,6,5,70,0,0,1
7.76,75.9,0,3,2,7,8,56,1,1,1
7.03,75.3,0,4,1,7,6,67,0,1,1
5.17,72.0,2,1,5,5,6,96,3,0,1
5.65,89.6,0,1,2,4,9,53,0,1,1
5.77,86.7,1,2,2,5,7,42,0,2,1
8.45,58.1,0,4,0,6,9,58,1,3,1
6.45,62.8,0,1,2,9,8,71,2,0,1
6.68,75.1,0,1,1,5,7,84,0,3,1
7.97,74.4,0,1,1,7,3,73,0,0,1
6.9,94.3,1,2,2,4,7,70,2,2,1
5.47,89.7,1,1,0,6,7,95,1,0,1
6.37,97.6,1,1,3,9,7,53,3,0,1
6.26,67.8,1,1,0,6,10,67,0,1,1
7.63,74.5,1,6,2,8,10,56,0,1,1
8.57,84.8,2,2,1,6,9,52,2,0,1
4.5,71.2,1,2,2,3,6,57,1,0,1
4.5,70.6,0,4,1,6,7,66,1,0,1
5.61,79.0,0,1,2,6,6,66,2,0,0
6.09,79.1,3,0,3,6,3,77,0,1,1
6.3,91.7,1,1,2,7,6,64,1,0,1
8.43,92.0,3,2,2,6,8,81,0,0,1
5.08,62.8,2,0,1,4,7,60,0,0,1
7.58,77.8,1,0,3,7,7,68,0,1,1
7.42,100.0,1,1,2,5,3,63,2,0,0
6.09,84.1,1,2,0,4,7,72,0,0,1
7.14,87.5,1,1,2,5,9,68,4,0,1
6.56,91.5,1,3,2,9,6,74,1,2,1
7.22,90.0,1,0,3,4,6,51,0,1,1
7.8,59.3,1,3,3,9,2,60,1,1,1
8.16,72.2,0,1,0,6,10,60,0,0,1
4.75,71.1,4,3,7,6,6,75,2,0,1
5.84,55.3,0,5,2,6,5,43,2,0,0
7.3,85.0,0,1,1,4,7,100,0,0,1
6.11,91.6,1,3,0,3,7,96,0,0,1
9.02,81.7,1,3,2,8,8,41,0,0,1
6.06,100.0,0,4,3,3,4,92,1,0,1
6.61,87.7,1,1,1,8,7,75,1,1,1
7.93,74.9,3,4,2,6,6,70,1,0,1
7.59,87.2,1,0,1,7,4,61,0,0,1
7.53,84.7,2,1,4,5,4,77,3,0,0
7.24,60.5,2,1,4,8,7,74,0,0,1
7.37,92.0,0,3,2,6,8,47,0,0,1
6.44,81.5,1,1,0,7,7,44,0,0,1
6.6,97.9,0,1,3,7,7,63,1,0,1
5.69,75.5,1,3,0,3,7,49,0,0,1
5.83,86.8,2,2,1,8,5,73,0,0,1
7.01,96.5,0,1,2,10,4,58,0,0,1
9.38,87.1,0,1,3,9,5,74,1,0,1
9.98,72.6,1,1,1,8,5,54,1,1,1
6.6,80.8,0,0,3,6,7,56,0,0,1
6.73,80.5,0,1,2,5,3,71,1,0,1
7.7,88.1,2,1,1,6,10,65,0,0,1
5.57,69.1,2,4,2,7,8,64,0,0,1
6.33,88.7,1,0,4,5,6,66,0,0,1
8.55,99.7,0,2,1,6,7,60,1,0,1
6.99,75.6,1,1,3,6,5,100,2,0,1
4.5,68.8,1,0,1,10,6,79,1,0,1
6.19,86.3,1,4,2,9,8,46,0,0,1
7.69,70.6,0,0,4,6,8,35,0,1,1
7.38,64.5,1,2,5,10,7,79,0,0,1
8.42,93.3,2,4,2,3,8,77,1,0,1
7.36,79.0,0,6,0,6,8,100,0,0,1
8.93,70.9,3,6,1,4,3,69,2,0,1
8.21,87.9,0,2,0,6,5,100,0,1,1
7.02,76.1,1,1,3,9,8,76,1,0,1
6.99,74.7,1,4,4,7,9,79,1,0,1
9.24,56.7,3,2,2,8,7,46,2,0,1
7.85,100.0,0,6,1,6,10,78,1,0,1
5.77,56.2,1,2,2,7,7,70,0,0,1
6.1,77.6,3,5,6,4,8,83,0,0,1
6.02,81.7,0,2,2,9,7,52,0,0,1
7.6,69.1,1,2,2,6,5,67,0,0,1
7.44,79.6,0,3,1,10,8,62,0,0,1
7.01,79.1,1,2,3,7,6,62,1,0,1
8.11,59.5,1,2,2,7,5,46,1,1,1
6.25,54.6,2,2,0,4,6,46,0,0,1
5.95,79.5,0,0,2,1,8,71,0,0,1
7.25,84.9,1,0,2,5,7,34,0,1,1
5.76,73.7,0,4,2,9,7,66,1,0,1
6.34,93.9,0,3,4,6,8,60,0,0,1
8.85,72.7,2,1,3,7,4,84,0,1,1
7.67,54.7,0,4,1,2,6,60,0,0,0
5.14,69.2,1,3,4,4,6,66,0,1,1
7.99,77.9,2,1,4,7,4,62,1,0,1
7.78,74.6,1,0,3,7,5,71,0,0,1
6.07,84.9,2,3,1,3,4,86,0,1,1
8.68,73.2,1,0,1,7,8,72,2,0,1
6.74,76.7,2,3,3,9,7,93,1,1,1
8.32,74.1,2,2,3,8,6,73,0,1,1
8.2,97.3,2,0,2,6,8,54,0,0,1
7.39,73.3,0,1,2,7,7,79,0,0,1
7.46,84.9,2,0,4,8,5,65,0,0,1
5.77,96.8,3,2,0,8,6,52,1,1,1
7.28,64.6,0,0,0,6,9,48,4,0,0
8.87,95.0,1,4,0,4,3,80,0,0,1
7.38,88.6,2,4,3,5,5,68,0,0,1
8.18,59.6,1,1,2,5,6,49,1,0,1
6.14,63.4,2,0,0,5,6,48,3,0,0
6.17,98.1,0,1,2,10,6,33,0,1,1
7.46,71.0,0,2,4,5,3,57,0,0,1
6.57,74.3,2,1,5,7,4,57,1,0,1
6.23,69.5,1,0,3,9,7,78,2,0,1
8.36,83.9,0,2,2,6,4,56,0,2,1
6.58,73.1,0,2,4,7,7,48,1,0,1
8.7,75.5,2,0,2,8,7,54,1,2,1
5.94,80.0,1,3,3,9,9,63,0,0,1
6.73,94.0,2,1,0,5,7,51,1,0,1
4.67,77.9,0,0,2,5,10,80,1,0,1
5.62,83.4,4,3,3,6,5,76,1,0,1
5.72,72.9,1,0,1,6,5,55,0,0,1
8.12,84.2,3,4,3,8,5,59,0,0,1
7.23,76.7,2,1,0,5,6,86,0,0,1
6.66,86.9,1,1,2,6,8,61,2,2,1
6.35,80.3,1,0,4,3,10,64,0,1,1
7.24,90.5,0,2,3,5,7,67,1,0,1
8.45,62.0,2,2,6,6,8,25,0,1,1
6.86,81.0,1,3,1,8,3,95,1,0,1
5.73,83.3,0,4,5,4,6,69,0,2,1
8.72,76.5,2,3,4,4,8,54,0,0,1
7.76,94.7,0,4,2,6,3,45,1,0,1
5.86,73.9,0,2,4,4,4,61,1,0,0
7.76,74.1,1,0,4,4,7,66,0,0,1
6.58,82.9,0,3,1,3,8,73,2,0,0
6.58,45.0,1,1,0,6,4,62,0,0,1
5.14,82.5,2,1,5,6,6,64,2,1,1
7.8,55.9,3,1,2,9,3,47,0,1,1
5.92,97.1,2,1,3,6,6,66,0,0,1
7.07,89.9,1,3,3,8,9,46,0,0,1
6.65,61.3,0,0,3,4,7,74,0,1,1
7.22,78.3,2,0,1,5,7,43,0,0,1
8.66,76.3,0,1,1,6,7,70,0,1,1
6.96,64.1,1,1,1,5,8,76,0,0,1
5.47,67.7,2,3,3,7,5,73,0,0,1
7.3,83.6,2,1,1,7,9,38,1,0,1
6.79,82.3,1,0,0,9,7,66,0,0,1
9.37,73.5,1,2,1,7,8,30,0,0,1
7.54,91.4,1,0,0,7,6,46,2,1,1
6.61,71.5,1,1,4,5,6,98,1,0,1
8.5,64.3,0,1,1,7,7,50,0,0,1
7.89,70.3,1,1,0,9,7,70,0,0,1
5.72,96.0,3,3,3,6,7,54,2,0,1
6.89,78.4,0,1,1,6,6,68,1,0,0
7.82,76.8,0,1,4,6,5,81,1,0,1
7.35,89.6,1,4,0,4,7,36,0,0,1
6.14,75.2,4,1,5,5,6,91,1,0,1
4.5,70.6,1,4,0,5,4,68,0,0,1
7.55,65.6,3,1,4,9,7,75,1,1,1
8.38,87.0,1,1,2,4,5,58,0,0,1
8.75,80.3,0,3,3,7,5,61,1,1,1
8.05,67.0,1,1,2,5,10,88,1,1,1
7.38,74.9,1,1,2,6,7,60,0,0,1
7.65,66.1,1,0,0,8,8,65,0,2,1
7.4,92.8,0,1,1,6,3,71,2,0,0
5.53,77.4,1,0,1,6,6,60,0,0,1
6.64,90.9,1,1,3,10,8,61,0,1,1
6.6,64.3,1,2,3,7,3,63,0,0,1
7.66,71.4,1,4,1,6,6,71,0,0,1
9.98,72.2,0,2,0,7,6,62,1,0,1
7.47,65.6,1,1,1,4,5,44,0,0,0
6.89,87.0,0,2,1,3,5,64,0,0,0
7.19,90.7,0,2,1,7,6,24,1,0,1
7.48,63.2,3,0,4,7,5,67,0,0,1
6.82,70.4,0,4,2,8,6,58,0,2,1
8.59,81.7,2,2,3,6,5,59,0,1,1
6.13,54.0,1,4,3,5,5,79,0,1,1
7.43,54.8,0,1,3,9,5,56,0,0,1
8.97,71.8,1,3,2,5,7,49,1,2,1
6.6,77.6,2,0,4,7,4,85,0,1,1
7.26,92.3,1,5,0,5,5,50,0,0,1
7.59,100.0,1,5,1,7,6,76,0,1,1
7.21,71.7,0,0,3,9,3,82,2,1,1
7.82,78.7,2,3,2,4,5,47,0,2,1
6.92,73.1,1,1,4,7,3,61,1,0,1
7.75,78.6,0,1,0,5,6,92,0,0,1
7.59,63.8,1,2,1,5,6,69,2,1,1
5.67,69.4,0,1,1,10,8,49,0,0,1
5.69,73.1,1,2,3,3,5,49,0,0,1
7.12,61.6,1,5,5,10,7,64,2,0,1
7.59,88.4,0,2,2,6,8,69,2,0,1
8.96,70.1,0,1,2,7,7,76,2,0,1
7.62,68.5,2,1,3,5,5,56,0,0,1
7.78,69.0,0,4,3,5,5,89,0,0,1
6.28,98.9,2,2,3,7,3,66,0,0,1
6.11,93.6,0,1,4,3,6,42,1,0,0
6.99,61.1,2,2,1,3,6,67,0,0,1
8.4,78.4,1,2,2,8,4,34,1,0,1
8.18,78.0,0,2,1,4,5,39,0,0,0
5.84,82.7,2,2,5,6,6,71,0,0,1
8.12,59.0,0,1,0,4,5,67,0,0,0
5.71,95.1,1,3,1,5,6,72,2,0,1
6.25,88.3,0,0,3,6,7,72,0,0,1
7.48,80.4,1,4,3,8,6,84,1,0,1
6.57,85.2,1,2,1,7,5,81,1,0,1
7.24,75.8,2,1,2,9,5,74,0,0,1
5.98,86.9,1,0,0,6,8,54,1,2,1
7.18,70.8,2,1,1,7,8,67,0,0,1
5.19,60.0,0,1,3,8,6,74,1,1,1
7.7,53.0,1,2,1,5,6,82,1,0,1
6.82,59.8,2,0,4,7,6,49,0,0,1
6.22,90.0,0,2,1,8,6,62,0,0,1
6.95,61.1,1,1,2,8,6,50,0,1,1
6.75,77.4,0,2,2,5,6,61,0,0,1
8.17,83.2,1,3,4,7,10,55,0,0,1
9.47,94.4,1,1,0,5,8,89,0,1,1
7.75,74.3,1,0,0,3,8,62,0,2,1
8.8,78.8,0,3,1,5,7,52,1,0,1
8.25,88.5,1,0,2,6,9,70,0,0,1
7.42,60.8,1,0,2,5,7,53,0,2,1
6.69,82.2,1,0,2,8,8,48,0,0,1
5.01,87.5,1,1,1,5,6,87,0,0,1
7.75,86.0,3,4,1,5,5,56,2,0,1
8.61,85.8,4,2,3,4,5,53,1,0,1
7.48,63.5,0,1,1,5,5,62,1,0,1
4.5,69.2,0,5,2,3,6,59,0,0,0
9.09,48.8,0,1,1,8,5,24,0,0,1
7.89,73.8,2,2,4,6,5,84,1,0,1
6.24,81.5,0,2,2,5,8,65,1,0,1
7.97,70.9,2,2,3,8,7,90,3,0,1
7.31,64.5,0,0,0,7,8,76,0,1,1
7.74,66.2,1,1,1,5,5,81,6,0,0
9.05,64.4,0,3,6,9,7,66,0,0,1
6.83,75.8,1,2,0,5,6,43,0,1,1
7.1,88.3,0,1,0,6,10,87,1,2,1
6.24,88.4,0,1,2,5,4,70,0,0,0
6.89,67.4,2,2,2,5,7,55,0,0,1
5.75,96.7,1,2,5,9,6,80,0,0,1
6.52,65.3,1,2,2,5,5,90,0,0,1
7.77,78.6,0,4,5,8,5,72,0,1,1
7.52,92.0,0,2,1,4,9,42,1,0,1
7.47,68.5,0,0,2,4,8,57,1,0,1
7.49,100.0,1,2,1,8,7,45,3,1,1
6.68,80.1,1,2,2,8,7,77,0,0,1
6.78,70.6,1,2,3,6,5,76,1,1,1
7.67,83.9,1,2,0,6,8,56,0,0,1
7.06,81.4,1,2,0,5,7,65,0,2,1
8.86,73.3,0,0,3,6,8,70,1,1,1
6.95,68.4,1,2,1,6,7,20,0,0,1
6.46,71.1,0,4,4,7,7,76,0,0,1
7.92,85.0,0,2,1,6,4,49,0,0,1
6.22,69.2,0,4,0,8,10,35,0,0,1
6.75,72.6,0,4,1,6,4,56,0,0,1
6.12,62.3,0,3,5,7,6,70,2,2,1
5.71,90.8,0,3,4,6,10,76,0,1,1
7.01,71.8,0,2,0,9,7,92,1,0,1
8.89,94.4,3,3,3,5,6,60,1,0,1
5.63,64.2,1,2,5,7,6,41,0,0,1
8.08,87.1,2,0,2,7,8,68,1,1,1
8.09,78.6,1,1,1,5,6,56,1,0,1
7.54,84.9,0,0,3,5,2,70,0,0,1
7.06,71.9,1,4,1,6,4,73,0,2,1
7.08,60.4,0,2,3,9,6,69,0,1,1
8.21,57.9,0,1,2,10,8,52,2,0,1
10.0,76.3,1,1,3,5,9,82,0,0,1
7.12,82.0,0,1,0,2,4,53,1,0,0
7.37,73.0,3,5,1,8,5,70,1,1,1
7.64,88.9,1,2,3,8,6,85,0,0,1
6.16,82.0,2,2,1,8,9,88,1,1,1
7.42,89.0,2,3,3,5,8,46,1,0,1
5.74,97.3,2,1,0,7,5,79,1,1,1
6.48,83.6,0,4,2,5,5,44,2,0,0
8.04,79.7,1,1,0,5,6,34,1,2,1
8.42,59.1,0,1,7,7,4,58,0,2,1
7.35,88.9,1,0,2,5,5,100,0,1,1
8.82,86.8,0,2,2,7,6,88,2,0,1
8.42,77.2,4,3,3,4,7,55,0,0,1
5.08,83.8,3,2,2,3,7,52,0,0,1
8.23,95.4,1,3,3,4,5,44,1,1,1
7.13,79.6,0,3,4,5,8,47,2,0,1
5.96,75.3,1,2,2,7,7,69,0,0,1
6.92,89.5,0,4,1,6,5,46,0,0,1
7.86,67.1,1,1,0,7,3,74,0,0,1
6.41,92.8,1,5,2,4,6,100,0,0,1
6.63,90.6,1,1,1,3,2,73,0,1,0
8.94,86.2,3,3,2,5,3,40,0,0,1
9.02,100.0,0,2,2,6,9,74,3,0,1
8.74,71.3,1,0,2,7,9,52,1,0,1
7.07,82.1,2,2,2,6,7,58,1,0,1
7.64,79.8,0,4,3,7,4,73,0,0,1
7.02,51.3,2,3,2,6,6,68,0,0,1
6.72,79.0,2,1,2,5,6,57,1,0,1
5.75,69.9,1,2,2,6,5,81,1,0,1
5.83,81.1,3,2,1,9,10,64,1,0,1
6.53,100.0,1,3,1,8,5,53,2,2,1
8.01,83.5,1,2,2,9,1,57,0,0,0
8.69,82.8,0,0,4,7,3,72,1,0,1
7.54,45.5,0,2,1,5,4,67,1,0,0
7.04,61.3,0,2,0,6,8,100,1,0,1
8.28,74.9,3,0,1,7,4,62,0,0,1
8.45,55.5,1,4,2,5,8,64,0,1,1
7.67,71.6,2,3,1,6,6,84,0,0,1
9.09,65.2,0,6,5,8,8,81,1,0,1
5.31,76.5,0,1,3,7,6,71,2,1,1
9.44,87.0,0,2,5,6,3,67,0,0,1
6.69,91.7,1,1,3,7,9,61,0,1,1
6.93,91.3,0,1,3,8,7,76,0,1,1
7.3,83.8,0,1,1,5,8,33,1,0,0
5.9,82.4,1,3,1,7,9,58,2,0,1
4.56,74.8,0,2,3,6,8,67,1,0,1
7.16,63.3,1,2,2,4,6,81,0,0,1
5.65,80.2,1,4,2,7,9,64,0,1,1
5.59,83.8,2,2,2,7,4,36,1,0,0
7.16,79.5,0,5,1,7,7,59,0,0,1
6.36,51.3,1,4,4,8,7,60,1,0,1
9.82,88.3,1,0,4,3,6,81,4,0,1
6.4,85.6,0,1,1,8,6,80,0,0,1
5.76,100.0,2,2,1,5,5,49,0,0,1
8.86,87.7,1,1,2,7,6,84,0,0,1
7.88,90.5,1,2,2,10,7,82,2,0,1
8.19,81.3,1,3,1,5,6,72,0,0,1
6.75,84.9,0,3,1,8,5,76,0,0,1
5.4,67.0,0,2,2,5,6,88,0,2,1
7.96,57.8,1,1,0,8,8,59,1,0,1
6.13,78.7,0,4,1,6,6,58,0,0,1
8.51,100.0,0,1,1,5,9,54,0,1,1
9.15,76.0,0,2,3,8,5,50,0,1,1
6.7,100.0,2,0,0,9,6,48,3,0,1
7.61,56.5,0,1,3,5,6,68,3,0,0
5.81,88.0,0,2,1,4,6,57,0,0,1
7.08,65.3,0,2,0,7,6,59,0,0,1
8.86,87.2,0,3,1,7,7,51,0,0,1
5.24,82.9,0,2,0,7,9,63,2,1,1
6.59,76.4,2,1,1,5,4,61,0,0,1
5.35,84.6,1,4,0,7,10,78,0,0,1
7.1,71.7,0,2,2,8,6,38,0,0,1
6.86,71.8,0,1,1,5,5,60,1,0,0
8.54,81.5,3,1,2,4,3,62,1,0,1
7.0,74.1,0,2,2,7,3,76,0,2,1
5.67,64.3,0,4,3,4,9,50,0,1,1
9.29,79.3,1,2,5,7,9,39,3,0,1
8.22,88.4,1,0,1,5,6,26,0,0,1
7.35,60.8,4,1,3,5,8,62,0,1,1
7.46,97.3,0,3,1,6,8,74,0,0,1
7.98,87.5,1,5,0,5,6,58,0,0,1
7.68,58.5,3,1,1,3,7,74,2,1,1
9.0,87.9,0,4,2,6,6,53,0,1,1
6.72,64.6,0,5,1,7,8,54,1,1,1
6.96,88.4,3,1,3,4,6,48,2,2,1
5.08,84.8,1,1,1,10,8,39,0,1,1
7.06,81.1,1,5,2,3,5,70,0,1,1
8.03,100.0,0,5,4,8,4,67,0,0,1
5.0,68.9,1,5,1,6,7,79,1,1,1
7.11,98.9,1,1,2,6,6,48,0,0,1
6.65,80.7,0,5,4,9,5,67,1,0,1
5.6,79.6,1,3,3,7,5,56,0,0,1
7.11,88.8,1,2,2,6,4,92,1,0,1
7.11,61.2,1,2,5,9,8,67,1,0,1
4.55,87.8,0,4,1,4,7,66,0,1,1
5.02,90.0,1,2,0,9,4,56,0,0,1
6.52,95.8,1,1,3,7,10,81,0,0,1
5.75,93.7,0,1,1,5,1,71,0,1,0
6.73,94.5,1,2,3,8,8,31,2,0,1
5.74,88.0,0,3,3,8,7,49,1,0,1
6.02,97.2,0,1,1,8,6,50,1,1,1
5.93,86.7,0,1,2,3,7,82,0,0,1
6.18,56.3,1,1,2,6,7,38,0,0,1
6.16,73.8,0,3,1,9,3,45,0,1,1
6.89,100.0,2,2,2,10,10,49,1,2,1
6.07,72.2,1,3,0,9,6,96,2,0,1
5.87,73.6,2,4,5,4,4,56,3,0,1
7.56,100.0,2,2,0,4,3,72,0,0,1
8.78,93.8,1,3,3,2,7,38,0,0,1
5.92,71.6,0,0,5,6,10,71,0,0,1
6.81,100.0,0,3,3,6,9,71,1,0,1
7.03,74.8,3,0,1,5,7,69,0,0,1
8.01,81.0,1,4,2,6,6,66,0,1,1
6.17,65.7,1,2,2,9,8,97,0,1,1
7.38,64.5,1,5,4,5,4,34,0,0,1
8.01,88.6,1,0,3,8,4,100,1,0,1
7.18,79.2,1,2,2,4,7,95,1,1,1
6.26,78.1,1,2,1,7,9,84,1,0,1
6.9,88.0,0,2,3,8,7,65,0,1,1
6.06,72.9,0,1,7,7,5,73,0,0,1
7.14,69.3,1,1,0,5,6,57,0,0,1
6.64,78.9,2,0,2,7,7,75,2,0,1
8.04,74.9,0,5,2,4,4,32,2,0,0
8.51,92.5,1,3,1,6,3,73,1,0,1
7.16,83.2,0,2,0,7,8,55,0,2,1
6.9,63.6,0,3,1,7,7,63,0,0,1
5.98,83.6,2,2,0,7,9,49,0,0,1
5.26,74.4,0,3,2,7,6,67,2,0,1
7.35,76.0,3,4,2,7,8,43,1,0,1
6.43,92.1,2,0,1,6,5,49,0,0,1
9.46,83.5,1,6,5,6,5,68,1,0,1
6.63,77.7,1,4,2,9,6,64,1,0,1
6.59,80.8,1,2,1,5,6,76,1,0,1
7.91,81.7,0,6,2,4,7,58,2,0,1
8.76,82.2,1,2,5,5,4,70,0,0,1
8.05,89.1,4,3,0,7,3,49,1,1,1
5.81,80.8,0,3,4,8,7,79,2,1,1
6.08,87.3,0,1,4,7,8,46,1,0,1
7.11,78.4,2,1,0,5,9,81,3,0,1
6.32,70.1,1,0,1,5,9,45,0,0,1
6.04,78.9,2,2,2,8,7,54,1,0,1
5.99,74.3,2,0,4,9,7,49,1,1,1
7.9,91.9,0,3,2,10,6,69,0,0,1
8.75,82.0,0,5,2,7,3,52,0,1,1
5.6,69.4,1,1,1,4,3,53,1,0,0
7.53,99.0,1,2,5,5,6,74,1,0,1
9.15,78.9,1,3,1,9,6,36,1,1,1
8.14,91.1,1,2,2,8,8,48,0,0,1
6.03,69.0,2,2,5,5,4,76,0,0,1
8.19,87.9,0,3,2,7,7,68,0,1,1
5.91,83.1,3,3,1,3,6,47,0,0,1
7.17,87.9,0,3,2,7,6,23,1,1,1
7.83,81.7,0,1,1,5,3,49,0,0,1
6.94,84.8,0,1,2,10,5,58,1,1,1
4.5,71.6,0,0,3,8,7,51,1,0,1
8.46,79.1,2,1,2,5,10,70,0,0,1
7.17,100.0,1,1,1,10,7,75,0,0,1
5.28,98.2,1,5,5,7,2,69,1,1,1
8.43,77.8,1,0,3,5,5,65,1,0,1
7.37,72.9,1,6,2,6,10,50,1,0,1
7.98,100.0,0,3,1,5,7,52,1,0,1
7.04,75.3,0,2,0,9,5,86,0,0,1
7.8,79.0,0,0,4,8,10,78,1,0,1
6.33,100.0,1,1,2,5,6,67,0,1,1
7.55,59.8,1,1,1,6,8,71,2,0,1
8.79,100.0,1,2,3,4,8,88,1,0,1
7.62,87.4,1,2,0,5,7,72,2,0,1
6.61,95.1,2,1,1,6,8,49,0,0,1
7.78,61.1,1,2,2,10,8,100,0,0,1
6.17,100.0,1,1,1,8,7,57,1,0,1
8.68,69.0,0,2,3,7,4,55,1,0,1
8.51,73.4,2,2,1,9,5,65,0,0,1
6.2,66.5,0,2,3,10,4,81,2,0,1
7.04,85.0,0,2,2,8,3,62,2,1,1
6.27,100.0,0,2,2,2,4,86,2,1,0
4.61,72.9,0,5,4,5,5,60,1,0,1
8.21,66.9,1,1,1,6,9,46,1,0,1
7.9,86.7,0,3,1,6,8,54,0,1,1
7.98,77.5,0,2,1,8,7,61,0,1,1
7.21,86.1,1,1,0,8,6,65,1,1,1
6.58,100.0,3,3,2,8,5,51,0,1,1
7.61,75.9,0,2,2,7,7,41,0,0,1
6.45,80.2,1,1,1,6,9,71,0,1,1
8.44,76.2,1,2,5,7,8,52,2,0,1
7.25,86.6,0,4,3,6,5,78,3,1,1
7.18,100.0,2,5,3,7,8,69,2,0,1
6.89,89.4,1,0,5,8,9,69,0,0,1
5.76,92.5,1,3,1,4,7,74,1,1,1
5.87,80.8,0,2,1,6,4,37,0,0,1
7.36,83.1,4,1,4,3,3,27,3,1,1
8.37,66.8,0,0,2,9,8,71,0,0,1
6.31,56.1,1,3,5,5,4,71,0,0,1
6.19,60.7,1,1,0,5,4,53,1,0,0
6.26,68.8,1,5,2,8,3,70,1,0,1
7.22,70.5,1,1,0,5,9,79,1,0,1
8.1,86.9,1,1,2,5,8,59,0,0,1
7.06,77.9,0,2,1,5,5,67,0,1,1
6.59,68.3,1,1,0,6,8,73,1,0,1
6.78,64.4,2,1,1,6,6,82,1,2,1
6.99,87.6,0,3,2,4,7,66,0,0,1
9.14,78.4,1,3,2,5,5,80,0,0,1
8.05,58.4,0,0,3,3,4,55,1,0,0
7.77,86.1,2,3,3,5,7,44,0,0,1
5.45,93.9,0,1,2,7,8,78,1,2,1
8.51,94.0,0,2,3,8,8,60,0,0,1
5.39,62.8,1,4,0,8,3,72,4,1,0
7.19,84.1,0,2,2,5,6,85,0,1,1
8.03,66.5,0,2,1,10,8,55,1,0,1
7.38,74.4,1,3,1,9,6,33,2,0,1
8.63,100.0,0,5,2,10,6,79,1,0,1
7.55,68.5,0,4,1,8,2,78,2,1,1
6.29,63.7,0,3,2,10,7,32,1,0,1
6.74,85.2,3,3,2,1,10,67,3,0,1
5.98,73.9,3,1,1,5,7,80,0,0,1
5.8,64.0,1,2,3,5,5,83,2,0,0
5.87,89.6,0,1,2,6,7,64,1,0,1
8.7,72.2,1,2,3,6,6,60,2,0,1
6.71,100.0,4,3,1,4,9,74,2,0,1
6.95,85.3,1,5,3,7,6,66,1,1,1
7.47,71.3,0,2,3,8,6,44,1,1,1
6.96,78.7,0,3,4,7,10,61,1,1,1
7.1,87.5,1,2,2,4,5,35,0,1,1
6.25,67.2,1,0,1,8,6,72,0,0,1
7.46,91.5,2,2,4,7,5,69,0,2,1
8.69,83.7,2,6,2,7,8,63,0,0,1
6.73,72.8,0,2,6,6,8,73,1,0,1
7.75,76.4,0,6,3,6,4,84,0,1,1
5.2,71.7,1,1,1,6,6,85,0,2,1
9.11,63.2,0,5,2,3,7,82,1,0,1
6.94,51.3,2,4,4,2,6,63,1,0,1
6.78,79.4,0,2,0,4,10,63,1,1,1
9.29,71.3,0,4,4,7,7,71,0,1,1
7.54,89.9,0,1,1,4,10,37,1,0,1
7.47,88.2,1,0,2,9,4,78,0,0,1
6.84,68.2,0,3,1,9,5,43,0,0,1
6.72,96.7,2,1,2,5,6,74,0,0,1
7.68,63.0,0,0,4,9,5,76,0,1,1
7.15,62.0,1,1,1,7,6,55,0,1,1
6.39,77.2,0,0,1,3,5,24,2,0,0
7.12,92.2,1,3,3,6,7,70,0,0,1
6.09,80.9,2,2,1,6,10,76,0,0,1
5.08,74.6,0,2,0,7,8,62,1,0,1
5.58,96.0,1,2,6,5,5,64,1,0,1
6.03,70.5,0,2,1,7,7,63,0,1,1
6.85,82.0,1,2,3,7,9,73,2,0,1
6.49,66.2,1,0,2,9,5,73,0,1,1
7.16,58.1,0,3,4,6,4,43,1,0,1
7.92,55.3,1,1,3,10,7,66,1,0,1
5.76,76.5,0,1,1,6,6,83,0,1,1
6.47,61.2,2,0,3,9,8,74,0,1,1
7.67,83.4,1,2,4,7,9,49,2,0,1
6.34,64.3,0,1,6,6,6,60,0,1,1
7.44,85.5,2,4,2,7,4,61,3,0,1
7.62,86.3,1,2,2,5,8,79,1,0,1
8.25,67.1,1,5,3,7,4,74,0,0,1
7.1,99.5,2,1,2,5,6,27,1,0,1
7.7,80.7,2,2,2,5,3,88,0,0,1
7.83,82.2,1,1,1,6,8,54,0,0,1
4.72,64.2,1,0,0,6,6,82,1,1,0
6.82,89.1,0,1,1,4,4,57,0,0,1
7.15,62.1,0,4,3,5,7,95,0,0,1
7.55,99.0,0,5,2,5,9,85,1,0,1
7.21,87.4,1,2,3,5,7,71,0,1,1
6.99,78.2,1,3,2,5,4,59,1,0,1
7.58,77.8,1,2,0,4,5,62,1,0,1
7.95,84.2,2,1,1,6,2,78,0,0,1
9.21,83.1,1,4,0,6,6,52,1,1,1
7.26,96.4,0,2,1,8,9,49,1,0,1
5.62,82.5,0,1,2,10,6,68,0,0,1
9.34,75.8,0,4,2,9,9,46,0,2,1
8.25,98.2,0,3,3,1,7,82,0,0,1
8.94,70.0,0,2,3,7,6,33,0,0,1
4.88,85.2,0,1,1,3,7,20,0,0,0
7.92,91.9,1,2,3,4,3,74,0,1,1
7.45,84.9,3,0,3,10,7,82,2,0,1
5.57,58.5,0,4,4,8,3,67,0,0,1
9.56,95.3,1,2,2,9,7,51,1,1,1
10.0,73.7,0,2,2,7,3,81,1,1,1
7.82,76.2,1,2,4,6,4,46,3,1,1
6.09,59.1,0,0,2,7,6,75,0,0,1
8.47,96.3,1,2,1,6,2,76,0,0,1
7.52,78.3,2,1,1,7,5,76,1,0,1
4.99,69.7,3,0,2,5,8,70,1,0,1
8.93,84.5,0,3,3,8,7,77,1,0,1
7.28,67.8,2,2,2,7,7,48,3,0,1
5.5,79.2,2,0,2,4,8,67,3,0,1
6.96,67.7,2,1,3,6,7,59,0,2,1
6.5,56.2,0,1,2,7,5,56,0,0,0
5.8,62.5,3,1,1,7,10,47,0,0,1
7.33,74.7,0,2,2,7,5,47,0,1,1
7.19,61.1,1,4,1,7,7,95,3,0,1
5.84,99.7,1,1,3,9,5,90,1,1,1
5.42,79.5,0,3,3,10,3,46,1,2,1
7.95,77.1,2,2,1,9,4,97,0,0,1
6.89,73.7,1,0,2,6,6,72,0,1,1
9.37,77.1,1,2,1,4,8,61,1,0,1
7.74,79.7,2,1,4,5,6,48,4,0,1
6.43,70.2,1,0,3,7,9,66,1,0,1
5.75,77.5,1,3,1,5,4,57,1,2,1
7.48,89.8,2,1,3,7,7,55,0,2,1
5.47,85.0,1,3,2,5,7,65,1,1,1
7.37,66.9,0,2,4,5,4,68,1,0,1
6.52,59.4,3,2,3,5,8,58,1,0,1
7.32,60.3,1,1,2,8,8,64,0,1,1
6.35,73.5,2,2,2,7,6,52,1,0,1
5.03,81.0,0,3,3,7,5,64,0,0,1
6.87,66.8,1,3,3,5,4,42,2,0,1
7.87,72.9,0,1,4,7,7,36,2,0,0
7.95,67.1,1,1,4,7,9,76,1,0,1
6.9,87.6,1,2,2,5,5,79,0,0,1
8.05,78.2,3,2,2,4,6,55,1,0,1
7.05,89.8,0,1,1,9,6,92,0,0,1
7.04,91.8,1,3,1,7,5,58,1,0,1
6.25,77.8,1,2,1,7,4,40,0,2,1
8.22,68.9,0,2,4,3,10,58,1,0,1
6.46,80.1,1,3,4,3,9,56,1,0,1
8.74,80.4,1,2,2,6,6,66,2,1,1
6.32,64.2,0,3,4,5,7,58,0,3,1
8.9,68.0,0,1,2,7,8,48,0,1,1
6.91,45.0,2,1,8,7,6,78,0,0,1
6.58,76.2,0,2,1,8,9,43,0,1,1
7.05,64.3,0,1,1,10,5,53,0,0,1
7.99,72.3,0,1,1,5,3,100,0,0,0
4.8,79.2,2,5,4,8,6,59,1,0,1
6.62,58.8,1,1,3,7,6,69,0,1,1
7.11,85.7,1,2,0,5,5,68,2,1,1
6.66,63.1,2,2,1,3,9,62,1,0,1
6.02,82.3,0,0,1,5,2,68,1,0,0
8.03,91.0,0,2,1,7,9,82,2,0,1
7.78,100.0,1,2,4,5,6,60,0,0,1
9.84,80.7,0,5,3,4,4,71,0,1,1
7.3,59.9,0,2,4,7,8,57,0,1,1
9.55,79.8,1,1,2,8,3,64,1,1,1
6.82,89.2,2,2,1,6,3,59,1,2,1
6.14,100.0,0,3,4,4,8,72,1,0,1
8.46,99.8,2,0,1,7,5,73,2,0,1
6.3,66.7,4,4,1,6,7,60,1,0,1
7.7,78.1,1,2,0,6,7,68,1,1,1
9.36,84.6,1,0,1,4,6,55,0,0,1
6.98,96.6,1,1,1,4,9,54,1,0,1
6.91,83.5,1,3,2,8,5,50,1,1,1
7.84,98.3,4,2,1,4,10,87,2,0,1
5.7,47.5,0,2,2,5,7,63,0,0,1
6.52,80.1,1,3,0,10,5,47,0,0,1
9.67,73.8,1,2,0,7,10,66,1,0,1
6.81,64.4,1,2,4,5,7,63,1,0,1
7.19,81.9,0,0,1,7,4,89,0,2,1
7.58,80.4,2,4,0,7,6,69,0,0,1
7.6,73.9,2,0,2,6,6,37,0,1,1
5.93,64.8,0,1,2,6,2,85,0,1,1
6.59,80.9,0,3,0,8,8,89,2,0,1
8.31,68.1,2,2,0,5,10,67,2,0,1
8.41,73.9,0,0,4,6,5,65,0,0,1
5.55,67.9,2,3,1,6,10,71,1,0,1
9.64,91.6,0,1,3,7,7,50,0,1,1
5.91,71.2,1,2,4,6,6,80,2,1,1
7.68,70.2,0,0,1,7,6,64,1,0,1
7.92,63.9,1,1,0,4,6,77,1,0,1
7.34,92.5,0,3,1,5,6,66,0,0,1
6.66,56.4,0,3,2,6,5,44,1,1,1
6.77,80.1,1,2,1,7,7,59,1,1,1
9.09,80.8,0,3,4,8,8,65,1,0,1
5.82,82.2,1,1,4,4,5,86,0,0,1
6.22,77.5,1,2,0,6,8,69,0,1,1
8.74,92.3,2,2,1,9,5,57,0,0,1
7.17,84.2,1,1,1,7,7,66,0,1,1
8.38,86.1,3,2,2,5,8,69,1,0,1
6.67,82.5,0,2,1,7,4,66,1,1,1
6.71,73.7,1,2,3,8,7,95,1,0,1
6.64,58.6,0,0,2,5,7,48,0,0,1
5.59,83.9,2,0,1,6,7,23,1,1,1
7.4,62.4,0,0,3,5,6,80,3,3,1
6.71,80.2,0,3,3,7,7,46,0,0,1
6.05,77.4,0,3,7,6,6,58,2,0,1
7.14,78.8,0,2,1,6,6,56,0,1,1
5.87,85.9,0,3,2,9,6,66,2,0,1
5.73,69.5,2,3,2,6,8,84,2,0,1
7.51,83.6,0,1,2,1,5,100,0,0,1
6.5,94.8,1,2,5,8,4,58,0,0,1
8.34,52.1,0,2,0,9,7,55,0,1,1
6.9,71.1,1,2,5,6,6,69,1,0,1
7.86,75.3,3,3,1,8,5,65,0,1,1
9.11,59.7,1,2,0,5,5,52,0,0,1
6.08,79.8,3,2,1,10,7,50,0,0,1
6.18,97.9,0,3,3,5,7,54,0,0,1
8.33,67.6,1,2,4,6,7,62,0,0,1
6.74,100.0,0,1,3,10,8,67,0,0,1
8.6,90.1,1,1,4,6,5,71,0,0,1
5.58,91.4,0,3,1,5,10,68,1,0,1
6.9,94.5,0,2,2,7,7,52,0,0,1
7.85,83.6,0,4,4,7,8,66,0,1,1
6.95,68.9,0,6,4,6,7,59,0,0,1
5.3,87.4,2,3,2,10,5,77,0,1,1
8.77,76.6,1,6,0,8,2,59,1,1,1
8.73,77.2,0,0,4,9,8,67,0,0,1
8.94,85.3,2,1,1,5,8,77,1,0,1
6.94,87.4,1,1,3,5,5,58,0,1,1
5.55,52.3,1,3,2,6,8,21,1,0,1
7.42,90.4,1,2,1,6,7,54,1,0,1
7.82,75.7,1,6,3,2,6,34,0,0,1
6.47,72.2,2,1,3,9,7,98,2,1,1
7.72,97.9,1,1,2,4,6,33,0,0,1
5.51,92.7,0,3,3,4,2,67,0,0,1
6.23,67.6,0,1,2,5,7,39,1,0,0
6.17,73.0,3,3,1,4,9,72,0,0,1
6.86,66.4,0,2,4,5,8,67,1,0,1
7.41,80.9,0,1,2,5,6,73,1,0,1
